<?xml version="1.0"?>
<Locations >
  <Project>
    <vfs_file>C:\Users\lloui\Desktop\Cours\projets_ada\projet_sudoku\Sudoku\sudoku.gpr</vfs_file>
    <file_marker column=" 1" line=" 491" >
      <vfs_project>C:\Users\lloui\Desktop\Cours\projets_ada\projet_sudoku\Sudoku\sudoku.gpr</vfs_project>
      <vfs_file>C:\Users\lloui\Desktop\Cours\projets_ada\projet_sudoku\Sudoku\a_tester.adb</vfs_file>
    </file_marker>
    <file_marker column=" 23" line=" 68" >
      <vfs_project>C:\Users\lloui\Desktop\Cours\projets_ada\projet_sudoku\Sudoku\sudoku.gpr</vfs_project>
      <vfs_file>C:\Users\lloui\Desktop\Cours\projets_ada\projet_sudoku\Sudoku\coordonnee.adb</vfs_file>
    </file_marker>
    <file_marker column=" 1" line=" 1" >
      <vfs_project>C:\Users\lloui\Desktop\Cours\projets_ada\projet_sudoku\Sudoku\sudoku.gpr</vfs_project>
      <vfs_file>C:\Users\lloui\Desktop\Cours\projets_ada\projet_sudoku\Sudoku\resolutions.adb</vfs_file>
    </file_marker>
    <file_marker column=" 1" line=" 1" >
      <vfs_project>C:\Users\lloui\Desktop\Cours\projets_ada\projet_sudoku\Sudoku\sudoku.gpr</vfs_project>
      <vfs_file>C:\Users\lloui\Desktop\Cours\projets_ada\projet_sudoku\Sudoku\resolutions.ads</vfs_file>
    </file_marker>
    <file_marker column=" 1" line=" 1" >
      <vfs_project>C:\Users\lloui\Desktop\Cours\projets_ada\projet_sudoku\Sudoku\sudoku.gpr</vfs_project>
      <vfs_file>C:\Users\lloui\Desktop\Cours\projets_ada\projet_sudoku\Sudoku\Coordonnee.ads</vfs_file>
    </file_marker>
    <file_marker column=" 1" line=" 52" >
      <vfs_project>C:\Users\lloui\Desktop\Cours\projets_ada\projet_sudoku\Sudoku\sudoku.gpr</vfs_project>
      <vfs_file>C:\Users\lloui\Desktop\Cours\projets_ada\projet_sudoku\Sudoku\ensemble.adb</vfs_file>
    </file_marker>
    <file_marker column=" 1" line=" 1" >
      <vfs_project>C:\Users\lloui\Desktop\Cours\projets_ada\projet_sudoku\Sudoku\sudoku.gpr</vfs_project>
      <vfs_file>C:\Users\lloui\Desktop\Cours\projets_ada\projet_sudoku\Sudoku\Ensemble.ads</vfs_file>
    </file_marker>
    <file_marker column=" 1" line=" 1" >
      <vfs_project>C:\Users\lloui\Desktop\Cours\projets_ada\projet_sudoku\Sudoku\sudoku.gpr</vfs_project>
      <vfs_file>C:\Users\lloui\Desktop\Cours\projets_ada\projet_sudoku\Sudoku\grillesudoku.ads</vfs_file>
    </file_marker>
    <file_marker column=" 1" line=" 134" >
      <vfs_project>C:\Users\lloui\Desktop\Cours\projets_ada\projet_sudoku\Sudoku\sudoku.gpr</vfs_project>
      <vfs_file>C:\Users\lloui\Desktop\Cours\projets_ada\projet_sudoku\Sudoku\a_tester.ads</vfs_file>
    </file_marker>
    <file_marker column=" 1" line=" 1" >
      <vfs_project>C:\Users\lloui\Desktop\Cours\projets_ada\projet_sudoku\Sudoku\sudoku.gpr</vfs_project>
      <vfs_file>C:\Users\lloui\Desktop\Cours\projets_ada\projet_sudoku\Sudoku\a_tester.ads</vfs_file>
    </file_marker>
    <file_marker column=" 67" line=" 124" >
      <vfs_project>C:\Users\lloui\Desktop\Cours\projets_ada\projet_sudoku\Sudoku\sudoku.gpr</vfs_project>
      <vfs_file>C:\Users\lloui\Desktop\Cours\projets_ada\projet_sudoku\Sudoku\a_tester.ads</vfs_file>
    </file_marker>
    <file_marker column=" 67" line=" 132" >
      <vfs_project>C:\Users\lloui\Desktop\Cours\projets_ada\projet_sudoku\Sudoku\sudoku.gpr</vfs_project>
      <vfs_file>C:\Users\lloui\Desktop\Cours\projets_ada\projet_sudoku\Sudoku\a_tester.ads</vfs_file>
    </file_marker>
    <file_marker column=" 14" line=" 14" >
      <vfs_project>C:\Users\lloui\Desktop\Cours\projets_ada\projet_sudoku\Sudoku\sudoku.gpr</vfs_project>
      <vfs_file>C:\Users\lloui\Desktop\Cours\projets_ada\projet_sudoku\Sudoku\a_tester.adb</vfs_file>
    </file_marker>
    <file_marker column=" 1" line=" 1" >
      <vfs_project>C:\Users\lloui\Desktop\Cours\projets_ada\projet_sudoku\Sudoku\sudoku.gpr</vfs_project>
      <vfs_file>C:\Users\lloui\Desktop\Cours\projets_ada\projet_sudoku\Sudoku\a_tester.ads</vfs_file>
    </file_marker>
    <file_marker column=" 1" line=" 1" >
      <vfs_project>C:\Users\lloui\Desktop\Cours\projets_ada\projet_sudoku\Sudoku\sudoku.gpr</vfs_project>
      <vfs_file>C:\Users\lloui\Desktop\Cours\projets_ada\projet_sudoku\Sudoku\a_tester.adb</vfs_file>
    </file_marker>
    <file_marker column=" 1" line=" 491" >
      <vfs_project>C:\Users\lloui\Desktop\Cours\projets_ada\projet_sudoku\Sudoku\sudoku.gpr</vfs_project>
      <vfs_file>C:\Users\lloui\Desktop\Cours\projets_ada\projet_sudoku\Sudoku\a_tester.adb</vfs_file>
    </file_marker>
    <file_marker column=" 14" line=" 14" >
      <vfs_project>C:\Users\lloui\Desktop\Cours\projets_ada\projet_sudoku\Sudoku\sudoku.gpr</vfs_project>
      <vfs_file>C:\Users\lloui\Desktop\Cours\projets_ada\projet_sudoku\Sudoku\a_tester.adb</vfs_file>
    </file_marker>
    <file_marker column=" 1" line=" 1" >
      <vfs_project>C:\Users\lloui\Desktop\Cours\projets_ada\projet_sudoku\Sudoku\sudoku.gpr</vfs_project>
      <vfs_file>C:\Users\lloui\Desktop\Cours\projets_ada\projet_sudoku\Sudoku\a_tester.ads</vfs_file>
    </file_marker>
    <file_marker column=" 6" line=" 203" >
      <vfs_project>C:\Users\lloui\Desktop\Cours\projets_ada\projet_sudoku\Sudoku\sudoku.gpr</vfs_project>
      <vfs_file>C:\Users\lloui\Desktop\Cours\projets_ada\projet_sudoku\Sudoku\a_tester.ads</vfs_file>
    </file_marker>
    <file_marker column=" 14" line=" 14" >
      <vfs_project>C:\Users\lloui\Desktop\Cours\projets_ada\projet_sudoku\Sudoku\sudoku.gpr</vfs_project>
      <vfs_file>C:\Users\lloui\Desktop\Cours\projets_ada\projet_sudoku\Sudoku\a_tester.adb</vfs_file>
    </file_marker>
    <file_marker column=" 1" line=" 1" >
      <vfs_project>C:\Users\lloui\Desktop\Cours\projets_ada\projet_sudoku\Sudoku\sudoku.gpr</vfs_project>
      <vfs_file>C:\Users\lloui\Desktop\Cours\projets_ada\projet_sudoku\Sudoku\a_tester.ads</vfs_file>
    </file_marker>
    <file_marker column=" 6" line=" 203" >
      <vfs_project>C:\Users\lloui\Desktop\Cours\projets_ada\projet_sudoku\Sudoku\sudoku.gpr</vfs_project>
      <vfs_file>C:\Users\lloui\Desktop\Cours\projets_ada\projet_sudoku\Sudoku\a_tester.ads</vfs_file>
    </file_marker>
    <file_marker column=" 3" line=" 36" >
      <vfs_project>C:\Users\lloui\Desktop\Cours\projets_ada\projet_sudoku\Sudoku\sudoku.gpr</vfs_project>
      <vfs_file>C:\Users\lloui\Desktop\Cours\projets_ada\projet_sudoku\Sudoku\ensemble.adb</vfs_file>
    </file_marker>
    <file_marker column=" 7" line=" 35" >
      <vfs_project>C:\Users\lloui\Desktop\Cours\projets_ada\projet_sudoku\Sudoku\sudoku.gpr</vfs_project>
      <vfs_file>C:\Users\lloui\Desktop\Cours\projets_ada\projet_sudoku\Sudoku\ensemble.adb</vfs_file>
    </file_marker>
    <file_marker column=" 15" line=" 48" >
      <vfs_project>C:\Users\lloui\Desktop\Cours\projets_ada\projet_sudoku\Sudoku\sudoku.gpr</vfs_project>
      <vfs_file>C:\Users\lloui\Desktop\Cours\projets_ada\projet_sudoku\Sudoku\ensemble.adb</vfs_file>
    </file_marker>
    <file_marker column=" 1" line=" 83" >
      <vfs_project>C:\Users\lloui\Desktop\Cours\projets_ada\projet_sudoku\Sudoku\sudoku.gpr</vfs_project>
      <vfs_file>C:\Users\lloui\Desktop\Cours\projets_ada\projet_sudoku\Sudoku\ensemble.adb</vfs_file>
    </file_marker>
    <file_marker column=" 3" line=" 84" >
      <vfs_project>C:\Users\lloui\Desktop\Cours\projets_ada\projet_sudoku\Sudoku\sudoku.gpr</vfs_project>
      <vfs_file>C:\Users\lloui\Desktop\Cours\projets_ada\projet_sudoku\Sudoku\ensemble.adb</vfs_file>
    </file_marker>
    <file_marker column=" 19" line=" 82" >
      <vfs_project>C:\Users\lloui\Desktop\Cours\projets_ada\projet_sudoku\Sudoku\sudoku.gpr</vfs_project>
      <vfs_file>C:\Users\lloui\Desktop\Cours\projets_ada\projet_sudoku\Sudoku\ensemble.adb</vfs_file>
    </file_marker>
    <file_marker column=" 20" line=" 14" >
      <vfs_project>C:\Users\lloui\Desktop\Cours\projets_ada\projet_sudoku\Sudoku\sudoku.gpr</vfs_project>
      <vfs_file>C:\Users\lloui\Desktop\Cours\projets_ada\projet_sudoku\Sudoku\ensemble.adb</vfs_file>
    </file_marker>
    <file_marker column=" 23" line=" 15" >
      <vfs_project>C:\Users\lloui\Desktop\Cours\projets_ada\projet_sudoku\Sudoku\sudoku.gpr</vfs_project>
      <vfs_file>C:\Users\lloui\Desktop\Cours\projets_ada\projet_sudoku\Sudoku\ensemble.adb</vfs_file>
    </file_marker>
    <file_marker column=" 68" line=" 26" >
      <vfs_project>C:\Users\lloui\Desktop\Cours\projets_ada\projet_sudoku\Sudoku\sudoku.gpr</vfs_project>
      <vfs_file>C:\Users\lloui\Desktop\Cours\projets_ada\projet_sudoku\Sudoku\ensemble.adb</vfs_file>
    </file_marker>
    <file_marker column=" 23" line=" 15" >
      <vfs_project>C:\Users\lloui\Desktop\Cours\projets_ada\projet_sudoku\Sudoku\sudoku.gpr</vfs_project>
      <vfs_file>C:\Users\lloui\Desktop\Cours\projets_ada\projet_sudoku\Sudoku\ensemble.adb</vfs_file>
    </file_marker>
    <file_marker column=" 15" line=" 48" >
      <vfs_project>C:\Users\lloui\Desktop\Cours\projets_ada\projet_sudoku\Sudoku\sudoku.gpr</vfs_project>
      <vfs_file>C:\Users\lloui\Desktop\Cours\projets_ada\projet_sudoku\Sudoku\ensemble.adb</vfs_file>
    </file_marker>
    <file_marker column=" 6" line=" 44" >
      <vfs_project>C:\Users\lloui\Desktop\Cours\projets_ada\projet_sudoku\Sudoku\sudoku.gpr</vfs_project>
      <vfs_file>C:\Users\lloui\Desktop\Cours\projets_ada\projet_sudoku\Sudoku\ensemble.adb</vfs_file>
    </file_marker>
    <file_marker column=" 15" line=" 110" >
      <vfs_project>C:\Users\lloui\Desktop\Cours\projets_ada\projet_sudoku\Sudoku\sudoku.gpr</vfs_project>
      <vfs_file>C:\Users\lloui\Desktop\Cours\projets_ada\projet_sudoku\Sudoku\ensemble.adb</vfs_file>
    </file_marker>
    <file_marker column=" 6" line=" 44" >
      <vfs_project>C:\Users\lloui\Desktop\Cours\projets_ada\projet_sudoku\Sudoku\sudoku.gpr</vfs_project>
      <vfs_file>C:\Users\lloui\Desktop\Cours\projets_ada\projet_sudoku\Sudoku\ensemble.adb</vfs_file>
    </file_marker>
    <file_marker column=" 10" line=" 79" >
      <vfs_project>C:\Users\lloui\Desktop\Cours\projets_ada\projet_sudoku\Sudoku\sudoku.gpr</vfs_project>
      <vfs_file>C:\Users\lloui\Desktop\Cours\projets_ada\projet_sudoku\Sudoku\ensemble.adb</vfs_file>
    </file_marker>
    <file_marker column=" 1" line=" 1" >
      <vfs_project>C:\Users\lloui\Desktop\Cours\projets_ada\projet_sudoku\Sudoku\sudoku.gpr</vfs_project>
      <vfs_file>C:\Users\lloui\Desktop\Cours\projets_ada\projet_sudoku\Sudoku\a_tester.adb</vfs_file>
    </file_marker>
    <file_marker column=" 7" line=" 10" >
      <vfs_project>C:\Users\lloui\Desktop\Cours\projets_ada\projet_sudoku\Sudoku\sudoku.gpr</vfs_project>
      <vfs_file>C:\Users\lloui\Desktop\Cours\projets_ada\projet_sudoku\Sudoku\run_all_tests.adb</vfs_file>
    </file_marker>
    <file_marker column=" 1" line=" 1" >
      <vfs_project>C:\Users\lloui\Desktop\Cours\projets_ada\projet_sudoku\Sudoku\sudoku.gpr</vfs_project>
      <vfs_file>C:\Users\lloui\Desktop\Cours\projets_ada\projet_sudoku\Sudoku\a_tester.ads</vfs_file>
    </file_marker>
    <file_marker column=" 1" line=" 1" >
      <vfs_project>C:\Users\lloui\Desktop\Cours\projets_ada\projet_sudoku\Sudoku\sudoku.gpr</vfs_project>
      <vfs_file>C:\Users\lloui\Desktop\Cours\projets_ada\projet_sudoku\Sudoku\coordonnee.adb</vfs_file>
    </file_marker>
    <file_marker column=" 1" line=" 1" >
      <vfs_project>C:\Users\lloui\Desktop\Cours\projets_ada\projet_sudoku\Sudoku\sudoku.gpr</vfs_project>
      <vfs_file>C:\Users\lloui\Desktop\Cours\projets_ada\projet_sudoku\Sudoku\a_tester.adb</vfs_file>
    </file_marker>
    <file_marker column=" 1" line=" 1" >
      <vfs_project>C:\Users\lloui\Desktop\Cours\projets_ada\projet_sudoku\Sudoku\sudoku.gpr</vfs_project>
      <vfs_file>C:\Users\lloui\Desktop\Cours\projets_ada\projet_sudoku\Sudoku\coordonnee.adb</vfs_file>
    </file_marker>
    <file_marker column=" 59" line=" 44" >
      <vfs_project>C:\Users\lloui\Desktop\Cours\projets_ada\projet_sudoku\Sudoku\sudoku.gpr</vfs_project>
      <vfs_file>C:\Users\lloui\Desktop\Cours\projets_ada\projet_sudoku\Sudoku\coordonnee.adb</vfs_file>
    </file_marker>
    <file_marker column=" 1" line=" 1" >
      <vfs_project>C:\Users\lloui\Desktop\Cours\projets_ada\projet_sudoku\Sudoku\sudoku.gpr</vfs_project>
      <vfs_file>C:\Users\lloui\Desktop\Cours\projets_ada\projet_sudoku\Sudoku\run_all_tests.adb</vfs_file>
    </file_marker>
    <file_marker column=" 7" line=" 10" >
      <vfs_project>C:\Users\lloui\Desktop\Cours\projets_ada\projet_sudoku\Sudoku\sudoku.gpr</vfs_project>
      <vfs_file>C:\Users\lloui\Desktop\Cours\projets_ada\projet_sudoku\Sudoku\run_all_tests.adb</vfs_file>
    </file_marker>
    <file_marker column=" 37" line=" 44" >
      <vfs_project>C:\Users\lloui\Desktop\Cours\projets_ada\projet_sudoku\Sudoku\sudoku.gpr</vfs_project>
      <vfs_file>C:\Users\lloui\Desktop\Cours\projets_ada\projet_sudoku\Sudoku\coordonnee.adb</vfs_file>
    </file_marker>
    <file_marker column=" 10" line=" 71" >
      <vfs_project>C:\Users\lloui\Desktop\Cours\projets_ada\projet_sudoku\Sudoku\sudoku.gpr</vfs_project>
      <vfs_file>C:\Users\lloui\Desktop\Cours\projets_ada\projet_sudoku\Sudoku\coordonnee.adb</vfs_file>
    </file_marker>
    <file_marker column=" 10" line=" 63" >
      <vfs_project>C:\Users\lloui\Desktop\Cours\projets_ada\projet_sudoku\Sudoku\sudoku.gpr</vfs_project>
      <vfs_file>C:\Users\lloui\Desktop\Cours\projets_ada\projet_sudoku\Sudoku\coordonnee.adb</vfs_file>
    </file_marker>
    <file_marker column=" 10" line=" 56" >
      <vfs_project>C:\Users\lloui\Desktop\Cours\projets_ada\projet_sudoku\Sudoku\sudoku.gpr</vfs_project>
      <vfs_file>C:\Users\lloui\Desktop\Cours\projets_ada\projet_sudoku\Sudoku\coordonnee.adb</vfs_file>
    </file_marker>
    <file_marker column=" 13" line=" 19" >
      <vfs_project>C:\Users\lloui\Desktop\Cours\projets_ada\projet_sudoku\Sudoku\sudoku.gpr</vfs_project>
      <vfs_file>C:\Users\lloui\Desktop\Cours\projets_ada\projet_sudoku\Sudoku\resolutions.adb</vfs_file>
    </file_marker>
    <file_marker column=" 1" line=" 1" >
      <vfs_project>C:\Users\lloui\Desktop\Cours\projets_ada\projet_sudoku\Sudoku\sudoku.gpr</vfs_project>
      <vfs_file>C:\Users\lloui\Desktop\Cours\projets_ada\projet_sudoku\Sudoku\grillesudoku.adb</vfs_file>
    </file_marker>
    <file_marker column=" 1" line=" 1" >
      <vfs_project>C:\Users\lloui\Desktop\Cours\projets_ada\projet_sudoku\Sudoku\sudoku.gpr</vfs_project>
      <vfs_file>C:\Users\lloui\Desktop\Cours\projets_ada\projet_sudoku\Sudoku\ensemble.adb</vfs_file>
    </file_marker>
    <file_marker column=" 1" line=" 1" >
      <vfs_project>C:\Users\lloui\Desktop\Cours\projets_ada\projet_sudoku\Sudoku\sudoku.gpr</vfs_project>
      <vfs_file>C:\Users\lloui\Desktop\Cours\projets_ada\projet_sudoku\Sudoku\resolutions.adb</vfs_file>
    </file_marker>
    <file_marker column=" 1" line=" 1" >
      <vfs_project>C:\Users\lloui\Desktop\Cours\projets_ada\projet_sudoku\Sudoku\sudoku.gpr</vfs_project>
      <vfs_file>C:\Users\lloui\Desktop\Cours\projets_ada\projet_sudoku\Sudoku\resolutions.ads</vfs_file>
    </file_marker>
    <file_marker column=" 67" line=" 30" >
      <vfs_project>C:\Users\lloui\Desktop\Cours\projets_ada\projet_sudoku\Sudoku\sudoku.gpr</vfs_project>
      <vfs_file>C:\Users\lloui\Desktop\Cours\projets_ada\projet_sudoku\Sudoku\coordonnee.adb</vfs_file>
    </file_marker>
    <file_marker column=" 3" line=" 54" >
      <vfs_project>C:\Users\lloui\Desktop\Cours\projets_ada\projet_sudoku\Sudoku\sudoku.gpr</vfs_project>
      <vfs_file>C:\Users\lloui\Desktop\Cours\projets_ada\projet_sudoku\Sudoku\resolutions.adb</vfs_file>
    </file_marker>
    <file_marker column=" 14" line=" 74" >
      <vfs_project>C:\Users\lloui\Desktop\Cours\projets_ada\projet_sudoku\Sudoku\sudoku.gpr</vfs_project>
      <vfs_file>C:\Users\lloui\Desktop\Cours\projets_ada\projet_sudoku\Sudoku\coordonnee.adb</vfs_file>
    </file_marker>
    <file_marker column=" 6" line=" 53" >
      <vfs_project>C:\Users\lloui\Desktop\Cours\projets_ada\projet_sudoku\Sudoku\sudoku.gpr</vfs_project>
      <vfs_file>C:\Users\lloui\Desktop\Cours\projets_ada\projet_sudoku\Sudoku\coordonnee.adb</vfs_file>
    </file_marker>
    <file_marker column=" 3" line=" 54" >
      <vfs_project>C:\Users\lloui\Desktop\Cours\projets_ada\projet_sudoku\Sudoku\sudoku.gpr</vfs_project>
      <vfs_file>C:\Users\lloui\Desktop\Cours\projets_ada\projet_sudoku\Sudoku\resolutions.adb</vfs_file>
    </file_marker>
    <file_marker column=" 7" line=" 47" >
      <vfs_project>C:\Users\lloui\Desktop\Cours\projets_ada\projet_sudoku\Sudoku\sudoku.gpr</vfs_project>
      <vfs_file>C:\Users\lloui\Desktop\Cours\projets_ada\projet_sudoku\Sudoku\resolutions.adb</vfs_file>
    </file_marker>
    <file_marker column=" 1" line=" 1" >
      <vfs_project>C:\Users\lloui\Desktop\Cours\projets_ada\projet_sudoku\Sudoku\sudoku.gpr</vfs_project>
      <vfs_file>C:\Users\lloui\Desktop\Cours\projets_ada\projet_sudoku\Sudoku\a_tester.ads</vfs_file>
    </file_marker>
    <file_marker column=" 7" line=" 47" >
      <vfs_project>C:\Users\lloui\Desktop\Cours\projets_ada\projet_sudoku\Sudoku\sudoku.gpr</vfs_project>
      <vfs_file>C:\Users\lloui\Desktop\Cours\projets_ada\projet_sudoku\Sudoku\resolutions.adb</vfs_file>
    </file_marker>
    <file_marker column=" 67" line=" 132" >
      <vfs_project>C:\Users\lloui\Desktop\Cours\projets_ada\projet_sudoku\Sudoku\sudoku.gpr</vfs_project>
      <vfs_file>C:\Users\lloui\Desktop\Cours\projets_ada\projet_sudoku\Sudoku\a_tester.ads</vfs_file>
    </file_marker>
    <file_marker column=" 7" line=" 47" >
      <vfs_project>C:\Users\lloui\Desktop\Cours\projets_ada\projet_sudoku\Sudoku\sudoku.gpr</vfs_project>
      <vfs_file>C:\Users\lloui\Desktop\Cours\projets_ada\projet_sudoku\Sudoku\resolutions.adb</vfs_file>
    </file_marker>
    <file_marker column=" 1" line=" 1" >
      <vfs_project>C:\Users\lloui\Desktop\Cours\projets_ada\projet_sudoku\Sudoku\sudoku.gpr</vfs_project>
      <vfs_file>C:\Users\lloui\Desktop\Cours\projets_ada\projet_sudoku\Sudoku\Ensemble.ads</vfs_file>
    </file_marker>
    <file_marker column=" 1" line=" 1" >
      <vfs_project>C:\Users\lloui\Desktop\Cours\projets_ada\projet_sudoku\Sudoku\sudoku.gpr</vfs_project>
      <vfs_file>C:\Users\lloui\Desktop\Cours\projets_ada\projet_sudoku\Sudoku\grillesudoku.ads</vfs_file>
    </file_marker>
    <file_marker column=" 1" line=" 1" >
      <vfs_project>C:\Users\lloui\Desktop\Cours\projets_ada\projet_sudoku\Sudoku\sudoku.gpr</vfs_project>
      <vfs_file>C:\Users\lloui\Desktop\Cours\projets_ada\projet_sudoku\Sudoku\resolutions.adb</vfs_file>
    </file_marker>
    <file_marker column=" 7" line=" 87" >
      <vfs_project>C:\Users\lloui\Desktop\Cours\projets_ada\projet_sudoku\Sudoku\sudoku.gpr</vfs_project>
      <vfs_file>C:\Users\lloui\Desktop\Cours\projets_ada\projet_sudoku\Sudoku\resolutions.adb</vfs_file>
    </file_marker>
    <file_marker column=" 1" line=" 111" >
      <vfs_project>C:\Users\lloui\Desktop\Cours\projets_ada\projet_sudoku\Sudoku\sudoku.gpr</vfs_project>
      <vfs_file>C:\Users\lloui\Desktop\Cours\projets_ada\projet_sudoku\Sudoku\resolutions.adb</vfs_file>
    </file_marker>
    <file_marker column=" 17" line=" 111" >
      <vfs_project>C:\Users\lloui\Desktop\Cours\projets_ada\projet_sudoku\Sudoku\sudoku.gpr</vfs_project>
      <vfs_file>C:\Users\lloui\Desktop\Cours\projets_ada\projet_sudoku\Sudoku\resolutions.adb</vfs_file>
    </file_marker>
    <file_marker column=" 1" line=" 111" >
      <vfs_project>C:\Users\lloui\Desktop\Cours\projets_ada\projet_sudoku\Sudoku\sudoku.gpr</vfs_project>
      <vfs_file>C:\Users\lloui\Desktop\Cours\projets_ada\projet_sudoku\Sudoku\resolutions.adb</vfs_file>
    </file_marker>
    <file_marker column=" 23" line=" 110" >
      <vfs_project>C:\Users\lloui\Desktop\Cours\projets_ada\projet_sudoku\Sudoku\sudoku.gpr</vfs_project>
      <vfs_file>C:\Users\lloui\Desktop\Cours\projets_ada\projet_sudoku\Sudoku\resolutions.adb</vfs_file>
    </file_marker>
    <file_marker column=" 10" line=" 19" >
      <vfs_project>C:\Users\lloui\Desktop\Cours\projets_ada\projet_sudoku\Sudoku\sudoku.gpr</vfs_project>
      <vfs_file>C:\Users\lloui\Desktop\Cours\projets_ada\projet_sudoku\Sudoku\resolutions.adb</vfs_file>
    </file_marker>
    <file_marker column=" 26" line=" 27" >
      <vfs_project>C:\Users\lloui\Desktop\Cours\projets_ada\projet_sudoku\Sudoku\sudoku.gpr</vfs_project>
      <vfs_file>C:\Users\lloui\Desktop\Cours\projets_ada\projet_sudoku\Sudoku\resolutions.adb</vfs_file>
    </file_marker>
    <file_marker column=" 7" line=" 45" >
      <vfs_project>C:\Users\lloui\Desktop\Cours\projets_ada\projet_sudoku\Sudoku\sudoku.gpr</vfs_project>
      <vfs_file>C:\Users\lloui\Desktop\Cours\projets_ada\projet_sudoku\Sudoku\resolutions.adb</vfs_file>
    </file_marker>
    <file_marker column=" 1" line=" 1" >
      <vfs_project>C:\Users\lloui\Desktop\Cours\projets_ada\projet_sudoku\Sudoku\sudoku.gpr</vfs_project>
      <vfs_file>C:\Users\lloui\Desktop\Cours\projets_ada\projet_sudoku\Sudoku\grillesudoku.adb</vfs_file>
    </file_marker>
    <file_marker column=" 1" line=" 1" >
      <vfs_project>C:\Users\lloui\Desktop\Cours\projets_ada\projet_sudoku\Sudoku\sudoku.gpr</vfs_project>
      <vfs_file>C:\Users\lloui\Desktop\Cours\projets_ada\projet_sudoku\Sudoku\grillesudoku.adb</vfs_file>
    </file_marker>
    <file_marker column=" 1" line=" 1" >
      <vfs_project>C:\Users\lloui\Desktop\Cours\projets_ada\projet_sudoku\Sudoku\sudoku.gpr</vfs_project>
      <vfs_file>C:\Users\lloui\Desktop\Cours\projets_ada\projet_sudoku\Sudoku\grillesudoku.adb</vfs_file>
    </file_marker>
    <file_marker column=" 1" line=" 1" >
      <vfs_project>C:\Users\lloui\Desktop\Cours\projets_ada\projet_sudoku\Sudoku\sudoku.gpr</vfs_project>
      <vfs_file>C:\Users\lloui\Desktop\Cours\projets_ada\projet_sudoku\Sudoku\grillesudoku.adb</vfs_file>
    </file_marker>
    <file_marker column=" 1" line=" 1" >
      <vfs_project>C:\Users\lloui\Desktop\Cours\projets_ada\projet_sudoku\Sudoku\sudoku.gpr</vfs_project>
      <vfs_file>C:\Users\lloui\Desktop\Cours\projets_ada\projet_sudoku\Sudoku\a_tester.ads</vfs_file>
    </file_marker>
    <file_marker column=" 4" line=" 185" >
      <vfs_project>C:\Users\lloui\Desktop\Cours\projets_ada\projet_sudoku\Sudoku\sudoku.gpr</vfs_project>
      <vfs_file>C:\Users\lloui\Desktop\Cours\projets_ada\projet_sudoku\Sudoku\a_tester.ads</vfs_file>
    </file_marker>
    <file_marker column=" 1" line=" 1" >
      <vfs_project>C:\Users\lloui\Desktop\Cours\projets_ada\projet_sudoku\Sudoku\sudoku.gpr</vfs_project>
      <vfs_file>C:\Users\lloui\Desktop\Cours\projets_ada\projet_sudoku\Sudoku\grillesudoku.adb</vfs_file>
    </file_marker>
    <file_marker column=" 1" line=" 1" >
      <vfs_project>C:\Users\lloui\Desktop\Cours\projets_ada\projet_sudoku\Sudoku\sudoku.gpr</vfs_project>
      <vfs_file>C:\Users\lloui\Desktop\Cours\projets_ada\projet_sudoku\Sudoku\a_tester.ads</vfs_file>
    </file_marker>
    <file_marker column=" 1" line=" 1" >
      <vfs_project>C:\Users\lloui\Desktop\Cours\projets_ada\projet_sudoku\Sudoku\sudoku.gpr</vfs_project>
      <vfs_file>C:\Users\lloui\Desktop\Cours\projets_ada\projet_sudoku\Sudoku\grillesudoku.adb</vfs_file>
    </file_marker>
    <file_marker column=" 1" line=" 1" >
      <vfs_project>C:\Users\lloui\Desktop\Cours\projets_ada\projet_sudoku\Sudoku\sudoku.gpr</vfs_project>
      <vfs_file>C:\Users\lloui\Desktop\Cours\projets_ada\projet_sudoku\Sudoku\grillesudoku.adb</vfs_file>
    </file_marker>
    <file_marker column=" 1" line=" 1" >
      <vfs_project>C:\Users\lloui\Desktop\Cours\projets_ada\projet_sudoku\Sudoku\sudoku.gpr</vfs_project>
      <vfs_file>C:\Users\lloui\Desktop\Cours\projets_ada\projet_sudoku\Sudoku\grillesudoku.adb</vfs_file>
    </file_marker>
    <file_marker column=" 1" line=" 1" >
      <vfs_project>C:\Users\lloui\Desktop\Cours\projets_ada\projet_sudoku\Sudoku\sudoku.gpr</vfs_project>
      <vfs_file>C:\Users\lloui\Desktop\Cours\projets_ada\projet_sudoku\Sudoku\grillesudoku.adb</vfs_file>
    </file_marker>
    <file_marker column=" 1" line=" 1" >
      <vfs_project>C:\Users\lloui\Desktop\Cours\projets_ada\projet_sudoku\Sudoku\sudoku.gpr</vfs_project>
      <vfs_file>C:\Users\lloui\Desktop\Cours\projets_ada\projet_sudoku\Sudoku\grillesudoku.adb</vfs_file>
    </file_marker>
    <file_marker column=" 1" line=" 1" >
      <vfs_project>C:\Users\lloui\Desktop\Cours\projets_ada\projet_sudoku\Sudoku\sudoku.gpr</vfs_project>
      <vfs_file>C:\Users\lloui\Desktop\Cours\projets_ada\projet_sudoku\Sudoku\grillesudoku.adb</vfs_file>
    </file_marker>
    <file_marker column=" 1" line=" 1" >
      <vfs_project>C:\Users\lloui\Desktop\Cours\projets_ada\projet_sudoku\Sudoku\sudoku.gpr</vfs_project>
      <vfs_file>C:\Users\lloui\Desktop\Cours\projets_ada\projet_sudoku\Sudoku\grillesudoku.adb</vfs_file>
    </file_marker>
    <file_marker column=" 1" line=" 1" >
      <vfs_project>C:\Users\lloui\Desktop\Cours\projets_ada\projet_sudoku\Sudoku\sudoku.gpr</vfs_project>
      <vfs_file>C:\Users\lloui\Desktop\Cours\projets_ada\projet_sudoku\Sudoku\grillesudoku.adb</vfs_file>
    </file_marker>
    <file_marker column=" 1" line=" 1" >
      <vfs_project>C:\Users\lloui\Desktop\Cours\projets_ada\projet_sudoku\Sudoku\sudoku.gpr</vfs_project>
      <vfs_file>C:\Users\lloui\Desktop\Cours\projets_ada\projet_sudoku\Sudoku\grillesudoku.adb</vfs_file>
    </file_marker>
    <file_marker column=" 1" line=" 1" >
      <vfs_project>C:\Users\lloui\Desktop\Cours\projets_ada\projet_sudoku\Sudoku\sudoku.gpr</vfs_project>
      <vfs_file>C:\Users\lloui\Desktop\Cours\projets_ada\projet_sudoku\Sudoku\grillesudoku.adb</vfs_file>
    </file_marker>
    <file_marker column=" 1" line=" 1" >
      <vfs_project>C:\Users\lloui\Desktop\Cours\projets_ada\projet_sudoku\Sudoku\sudoku.gpr</vfs_project>
      <vfs_file>C:\Users\lloui\Desktop\Cours\projets_ada\projet_sudoku\Sudoku\grillesudoku.adb</vfs_file>
    </file_marker>
    <file_marker column=" 1" line=" 1" >
      <vfs_project>C:\Users\lloui\Desktop\Cours\projets_ada\projet_sudoku\Sudoku\sudoku.gpr</vfs_project>
      <vfs_file>C:\Users\lloui\Desktop\Cours\projets_ada\projet_sudoku\Sudoku\grillesudoku.adb</vfs_file>
    </file_marker>
    <file_marker column=" 1" line=" 1" >
      <vfs_project>C:\Users\lloui\Desktop\Cours\projets_ada\projet_sudoku\Sudoku\sudoku.gpr</vfs_project>
      <vfs_file>C:\Users\lloui\Desktop\Cours\projets_ada\projet_sudoku\Sudoku\grillesudoku.ads</vfs_file>
    </file_marker>
    <file_marker column=" 1" line=" 1" >
      <vfs_project>C:\Users\lloui\Desktop\Cours\projets_ada\projet_sudoku\Sudoku\sudoku.gpr</vfs_project>
      <vfs_file>C:\Users\lloui\Desktop\Cours\projets_ada\projet_sudoku\Sudoku\resolutions.adb</vfs_file>
    </file_marker>
    <file_marker column=" 61" line=" 99" >
      <vfs_project>C:\Users\lloui\Desktop\Cours\projets_ada\projet_sudoku\Sudoku\sudoku.gpr</vfs_project>
      <vfs_file>C:\Users\lloui\Desktop\Cours\projets_ada\projet_sudoku\Sudoku\resolutions.adb</vfs_file>
    </file_marker>
    <file_marker column=" 7" line=" 87" >
      <vfs_project>C:\Users\lloui\Desktop\Cours\projets_ada\projet_sudoku\Sudoku\sudoku.gpr</vfs_project>
      <vfs_file>C:\Users\lloui\Desktop\Cours\projets_ada\projet_sudoku\Sudoku\resolutions.adb</vfs_file>
    </file_marker>
    <file_marker column=" 78" line=" 85" >
      <vfs_project>C:\Users\lloui\Desktop\Cours\projets_ada\projet_sudoku\Sudoku\sudoku.gpr</vfs_project>
      <vfs_file>C:\Users\lloui\Desktop\Cours\projets_ada\projet_sudoku\Sudoku\resolutions.adb</vfs_file>
    </file_marker>
    <file_marker column=" 24" line=" 89" >
      <vfs_project>C:\Users\lloui\Desktop\Cours\projets_ada\projet_sudoku\Sudoku\sudoku.gpr</vfs_project>
      <vfs_file>C:\Users\lloui\Desktop\Cours\projets_ada\projet_sudoku\Sudoku\resolutions.adb</vfs_file>
    </file_marker>
    <file_marker current="true" column=" 19" line=" 102" >
      <vfs_project>C:\Users\lloui\Desktop\Cours\projets_ada\projet_sudoku\Sudoku\sudoku.gpr</vfs_project>
      <vfs_file>C:\Users\lloui\Desktop\Cours\projets_ada\projet_sudoku\Sudoku\resolutions.adb</vfs_file>
    </file_marker>
  </Project>
</Locations>
